question,skill,role
What Are the Different Types of Machine Learning?,Machine Learning Basics,Machine Learning Engineer
"What is Overfitting, and How Can You Avoid It?",Model Evaluation,AI Engineer
"What is ‘training Set’ and ‘test Set’ in a Machine Learning Model? How Much Data Will You Allocate for Your Training, Validation, and Test Sets?",Data Handling,Machine Learning Engineer
How Do You Handle Missing or Corrupted Data in a Dataset?,Data Handling,Data Scientist
How Can You Choose a Classifier Based on a Training Set Data Size?,Data Handling,Machine Learning Engineer
Explain the Confusion Matrix with Respect to Machine Learning Algorithms.,Machine Learning Basics,Machine Learning Engineer
What Is a False Positive and False Negative and How Are They Significant?,General ML Knowledge,AI Engineer
What Are the Three Stages of Building a Model in Machine Learning?,Model Selection,Machine Learning Engineer
What is Deep Learning?,General ML Knowledge,AI Engineer
What Are the Differences Between Machine Learning and Deep Learning?,Machine Learning Basics,Machine Learning Engineer
What Are the Applications of Supervised Machine Learning in Modern Businesses?,Machine Learning Basics,Machine Learning Engineer
What is Semi-supervised Machine Learning?,Machine Learning Basics,Machine Learning Engineer
What Are Unsupervised Machine Learning Techniques?,Machine Learning Basics,Machine Learning Engineer
What is the Difference Between Supervised and Unsupervised Machine Learning?,Machine Learning Basics,Machine Learning Engineer
What is the Difference Between Inductive Machine Learning and Deductive Machine Learning?,Machine Learning Basics,Machine Learning Engineer
Compare K-means and KNN Algorithms.,General ML Knowledge,AI Engineer
When Will You Use Classification over Regression?,Predictive Modeling,Machine Learning Engineer
What is randonm forest and how can you differentiate with other classification algorithm,Predictive Modeling,AI Engineer
What is Clustering?,General ML Knowledge,AI Engineer
What are Recommender Systems?,General ML Knowledge,AI Engineer
What are Parametric and Non-Parametric Models?,Model Selection,Machine Learning Engineer
What is Reinforcement Learning?,General ML Knowledge,AI Engineer
What is Time series?,General ML Knowledge,AI Engineer
How Do You Design an Email Spam Filter?,General ML Knowledge,AI Engineer
"Considering a Long List of Machine Learning Algorithms, given a Data Set, How Do You Decide Which One to Use?",Data Handling,Machine Learning Engineer
What is Bias and Variance in a Machine Learning Model?,Model Selection,Machine Learning Engineer
What is the Trade-off Between Bias and Variance?,General ML Knowledge,AI Engineer
What is Collaborative Filtering?,General ML Knowledge,AI Engineer
What is Content-Based Filtering?,General ML Knowledge,AI Engineer
How can you select K for K-means Clustering?,General ML Knowledge,AI Engineer
How do check the Normality of a dataset?,Data Handling,Data Scientist
Can logistic regression use for more than 2 classes?,Predictive Modeling,Machine Learning Engineer
Explain Correlation and Covariance?,General ML Knowledge,AI Engineer
What is P-value?,General ML Knowledge,AI Engineer
Difference Between Sigmoid and Softmax functions?,General ML Knowledge,AI Engineer
What is PCA and how do to use it?,Feature Engineering,Machine Learning Engineer
What are Loss Function and Cost Functions? Explain the key Difference Between them?,General ML Knowledge,AI Engineer
How do you make sure which Machine Learning Algorithm to use?,Machine Learning Basics,Machine Learning Engineer
How to Handle Outlier Values?,General ML Knowledge,AI Engineer
How do check the Normality of a dataset?,Data Handling,Data Scientist
What is P-value?,General ML Knowledge,AI Engineer
Difference Between Sigmoid and Softmax functions?,General ML Knowledge,AI Engineer
How to Tackle Overfitting and Underfitting?,Model Evaluation,AI Engineer
What is Entropy in Machine Learning?,Machine Learning Basics,Machine Learning Engineer
What is Epoch in Machine Learning?,Machine Learning Basics,Machine Learning Engineer
What is the Variance Inflation Factor?,General ML Knowledge,AI Engineer
What is a Confusion Matrix?,General ML Knowledge,AI Engineer
Explain the difference between KNN and K-means Clustering,General ML Knowledge,AI Engineer
What is the difference between stochastic gradient descent (SGD) and gradient descent (GD)?,General ML Knowledge,AI Engineer
What is the difference between regularization and normalisation?,General ML Knowledge,AI Engineer
What are Type I and Type II Errors?,General ML Knowledge,AI Engineer
When should Classification be used over Regression?,Predictive Modeling,Machine Learning Engineer
Why is rotation required in PCA? What will happen if the components are not rotated?,Feature Engineering,Machine Learning Engineer
What is ROC Curve and what does it represent?,General ML Knowledge,AI Engineer
Why are Validation and Test Datasets Needed?,Data Handling,Data Scientist
What is Dimensionality Reduction?,General ML Knowledge,AI Engineer
"Both being Tree-based Algorithms, how is Random Forest different from Gradient Boosting Machine (GBM)?",General ML Knowledge,Machine Learning Engineer
What is meant by Parametric and Non-parametric Models?,Model Selection,Machine Learning Engineer
"In Machine Learning, for how many classes can Logistic Regression be used?",Machine Learning Basics,Machine Learning Engineer
What are the Various Tests for Checking the Normality of a Dataset?,Data Handling,Data Scientist
What are the Two Main Types of Filtering in Machine Learning? Explain.,Machine Learning Basics,Machine Learning Engineer
Outlier Values can be Discovered from which Tools?,General ML Knowledge,AI Engineer
What is Rescaling of Data and how is it done?,Data Handling,Data Scientist
What is Binarizing of Data? How to Binarize?,Data Handling,Data Scientist
How to Standardize Data?,Data Handling,Data Scientist
"We know that one-hot encoding increases the dimensionality of a dataset, but label encoding doesn’t. How?",Data Handling,Data Scientist
"Explain False Negative, False Positive, True Negative, and True Positive with a simple example.",General ML Knowledge,AI Engineer
What is F1-score and How Is It Used?,General ML Knowledge,AI Engineer
When does regularization come into play in Machine Learning?,Machine Learning Basics,Machine Learning Engineer
How can we relate standard deviation and variance?,General ML Knowledge,AI Engineer
"If your dataset is suffering from high variance, how would you handle it?",Data Handling,Data Scientist
Explain the handling of missing or corrupted values in the given dataset.,Data Handling,Data Scientist
What is a Box-Cox transformation?,General ML Knowledge,AI Engineer
What is the exploding gradient problem while using back propagation technique?,General ML Knowledge,AI Engineer
What’s a Fourier transform?,General ML Knowledge,AI Engineer
What do you mean by Associative Rule Mining (ARM)?,General ML Knowledge,AI Engineer
What is Marginalisation? Explain the process.,General ML Knowledge,AI Engineer
What is the Principle Component Analysis?,General ML Knowledge,AI Engineer
Why is rotation of components so important in Principle Component Analysis (PCA)?,Feature Engineering,Machine Learning Engineer
Which machine learning algorithm is known as the lazy learner and why is it called so?,Machine Learning Basics,Machine Learning Engineer
Explain the difference between list and tuple.,General ML Knowledge,AI Engineer
Explain the difference between list and array.,General ML Knowledge,AI Engineer
Explain the difference between list and hashmap.,General ML Knowledge,AI Engineer
Explain the difference between list and recursion.,General ML Knowledge,AI Engineer
Explain the difference between list and inheritance.,General ML Knowledge,AI Engineer
Explain the difference between list and encapsulation.,General ML Knowledge,AI Engineer
Explain the difference between list and polymorphism.,General ML Knowledge,AI Engineer
Explain the difference between list and pointers.,General ML Knowledge,AI Engineer
Explain the difference between list and REST API.,General ML Knowledge,AI Engineer
Explain the difference between list and SQL injection.,General ML Knowledge,AI Engineer
Explain the difference between list and multithreading.,General ML Knowledge,AI Engineer
Explain the difference between list and deadlock.,General ML Knowledge,AI Engineer
Explain the difference between list and garbage collection.,General ML Knowledge,AI Engineer
Explain the difference between list and Big O notation.,General ML Knowledge,AI Engineer
Explain the difference between list and stack.,General ML Knowledge,AI Engineer
Explain the difference between list and queue.,General ML Knowledge,AI Engineer
Explain the difference between list and dictionary.,General ML Knowledge,AI Engineer
Explain the difference between list and lambda function.,General ML Knowledge,AI Engineer
Explain the difference between list and virtual memory.,General ML Knowledge,AI Engineer
Explain the difference between list and exception handling.,General ML Knowledge,AI Engineer
Explain the difference between list and binary search.,General ML Knowledge,AI Engineer
Explain the difference between list and linked list.,General ML Knowledge,AI Engineer
Explain the difference between list and merge sort.,General ML Knowledge,AI Engineer
Explain the difference between list and interface.,General ML Knowledge,AI Engineer
Explain the difference between tuple and array.,General ML Knowledge,AI Engineer
Explain the difference between tuple and hashmap.,General ML Knowledge,AI Engineer
Explain the difference between tuple and recursion.,General ML Knowledge,AI Engineer
Explain the difference between tuple and inheritance.,General ML Knowledge,AI Engineer
Explain the difference between tuple and encapsulation.,General ML Knowledge,AI Engineer
Explain the difference between tuple and polymorphism.,General ML Knowledge,AI Engineer
Explain the difference between tuple and pointers.,General ML Knowledge,AI Engineer
Explain the difference between tuple and REST API.,General ML Knowledge,AI Engineer
Explain the difference between tuple and SQL injection.,General ML Knowledge,AI Engineer
Explain the difference between tuple and multithreading.,General ML Knowledge,AI Engineer
Explain the difference between tuple and deadlock.,General ML Knowledge,AI Engineer
Explain the difference between tuple and garbage collection.,General ML Knowledge,AI Engineer
Explain the difference between tuple and Big O notation.,General ML Knowledge,AI Engineer
Explain the difference between tuple and stack.,General ML Knowledge,AI Engineer
Explain the difference between tuple and queue.,General ML Knowledge,AI Engineer
Explain the difference between tuple and dictionary.,General ML Knowledge,AI Engineer
Explain the difference between tuple and lambda function.,General ML Knowledge,AI Engineer
Explain the difference between tuple and virtual memory.,General ML Knowledge,AI Engineer
Explain the difference between tuple and exception handling.,General ML Knowledge,AI Engineer
Explain the difference between tuple and binary search.,General ML Knowledge,AI Engineer
Explain the difference between tuple and linked list.,General ML Knowledge,AI Engineer
Explain the difference between tuple and merge sort.,General ML Knowledge,AI Engineer
Explain the difference between tuple and interface.,General ML Knowledge,AI Engineer
Explain the difference between array and hashmap.,General ML Knowledge,AI Engineer
Explain the difference between array and recursion.,General ML Knowledge,AI Engineer
Explain the difference between array and inheritance.,General ML Knowledge,AI Engineer
Explain the difference between array and encapsulation.,General ML Knowledge,AI Engineer
Explain the difference between array and polymorphism.,General ML Knowledge,AI Engineer
Explain the difference between array and pointers.,General ML Knowledge,AI Engineer
Explain the difference between array and REST API.,General ML Knowledge,AI Engineer
Explain the difference between array and SQL injection.,General ML Knowledge,AI Engineer
Explain the difference between array and multithreading.,General ML Knowledge,AI Engineer
Explain the difference between array and deadlock.,General ML Knowledge,AI Engineer
Explain the difference between array and garbage collection.,General ML Knowledge,AI Engineer
Explain the difference between array and Big O notation.,General ML Knowledge,AI Engineer
Explain the difference between array and stack.,General ML Knowledge,AI Engineer
Explain the difference between array and queue.,General ML Knowledge,AI Engineer
Explain the difference between array and dictionary.,General ML Knowledge,AI Engineer
Explain the difference between array and lambda function.,General ML Knowledge,AI Engineer
Explain the difference between array and virtual memory.,General ML Knowledge,AI Engineer
Explain the difference between array and exception handling.,General ML Knowledge,AI Engineer
Explain the difference between array and binary search.,General ML Knowledge,AI Engineer
Explain the difference between array and linked list.,General ML Knowledge,AI Engineer
Explain the difference between array and merge sort.,General ML Knowledge,AI Engineer
Explain the difference between array and interface.,General ML Knowledge,AI Engineer
Explain the difference between hashmap and recursion.,General ML Knowledge,AI Engineer
Explain the difference between hashmap and inheritance.,General ML Knowledge,AI Engineer
Explain the difference between hashmap and encapsulation.,General ML Knowledge,AI Engineer
Explain the difference between hashmap and polymorphism.,General ML Knowledge,AI Engineer
Explain the difference between hashmap and pointers.,General ML Knowledge,AI Engineer
Explain the difference between hashmap and REST API.,General ML Knowledge,AI Engineer
Explain the difference between hashmap and SQL injection.,General ML Knowledge,AI Engineer
Explain the difference between hashmap and multithreading.,General ML Knowledge,AI Engineer
Explain the difference between hashmap and deadlock.,General ML Knowledge,AI Engineer
Explain the difference between hashmap and garbage collection.,General ML Knowledge,AI Engineer
Explain the difference between hashmap and Big O notation.,General ML Knowledge,AI Engineer
Explain the difference between hashmap and stack.,General ML Knowledge,AI Engineer
Explain the difference between hashmap and queue.,General ML Knowledge,AI Engineer
Explain the difference between hashmap and dictionary.,General ML Knowledge,AI Engineer
Explain the difference between hashmap and lambda function.,General ML Knowledge,AI Engineer
Explain the difference between hashmap and virtual memory.,General ML Knowledge,AI Engineer
Explain the difference between hashmap and exception handling.,General ML Knowledge,AI Engineer
Explain the difference between hashmap and binary search.,General ML Knowledge,AI Engineer
Explain the difference between hashmap and linked list.,General ML Knowledge,AI Engineer
Explain the difference between hashmap and merge sort.,General ML Knowledge,AI Engineer
Explain the difference between hashmap and interface.,General ML Knowledge,AI Engineer
Explain the difference between recursion and inheritance.,General ML Knowledge,AI Engineer
Explain the difference between recursion and encapsulation.,General ML Knowledge,AI Engineer
Explain the difference between recursion and polymorphism.,General ML Knowledge,AI Engineer
Explain the difference between recursion and pointers.,General ML Knowledge,AI Engineer
Explain the difference between recursion and REST API.,General ML Knowledge,AI Engineer
Explain the difference between recursion and SQL injection.,General ML Knowledge,AI Engineer
Explain the difference between recursion and multithreading.,General ML Knowledge,AI Engineer
Explain the difference between recursion and deadlock.,General ML Knowledge,AI Engineer
Explain the difference between recursion and garbage collection.,General ML Knowledge,AI Engineer
Explain the difference between recursion and Big O notation.,General ML Knowledge,AI Engineer
Explain the difference between recursion and stack.,General ML Knowledge,AI Engineer
Explain the difference between recursion and queue.,General ML Knowledge,AI Engineer
Explain the difference between recursion and dictionary.,General ML Knowledge,AI Engineer
Explain the difference between recursion and lambda function.,General ML Knowledge,AI Engineer
Explain the difference between recursion and virtual memory.,General ML Knowledge,AI Engineer
Explain the difference between recursion and exception handling.,General ML Knowledge,AI Engineer
Explain the difference between recursion and binary search.,General ML Knowledge,AI Engineer
Explain the difference between recursion and linked list.,General ML Knowledge,AI Engineer
Explain the difference between recursion and merge sort.,General ML Knowledge,AI Engineer
Explain the difference between recursion and interface.,General ML Knowledge,AI Engineer
Explain the difference between inheritance and encapsulation.,General ML Knowledge,AI Engineer
Explain the difference between inheritance and polymorphism.,General ML Knowledge,AI Engineer
Explain the difference between inheritance and pointers.,General ML Knowledge,AI Engineer
Explain the difference between inheritance and REST API.,General ML Knowledge,AI Engineer
Explain the difference between inheritance and SQL injection.,General ML Knowledge,AI Engineer
Explain the difference between inheritance and multithreading.,General ML Knowledge,AI Engineer
Explain the difference between inheritance and deadlock.,General ML Knowledge,AI Engineer
Explain the difference between inheritance and garbage collection.,General ML Knowledge,AI Engineer
Explain the difference between inheritance and Big O notation.,General ML Knowledge,AI Engineer
Explain the difference between inheritance and stack.,General ML Knowledge,AI Engineer
Explain the difference between inheritance and queue.,General ML Knowledge,AI Engineer
Explain the difference between inheritance and dictionary.,General ML Knowledge,AI Engineer
Explain the difference between inheritance and lambda function.,General ML Knowledge,AI Engineer
Explain the difference between inheritance and virtual memory.,General ML Knowledge,AI Engineer
Explain the difference between inheritance and exception handling.,General ML Knowledge,AI Engineer
Explain the difference between inheritance and binary search.,General ML Knowledge,AI Engineer
Explain the difference between inheritance and linked list.,General ML Knowledge,AI Engineer
Explain the difference between inheritance and merge sort.,General ML Knowledge,AI Engineer
Explain the difference between inheritance and interface.,General ML Knowledge,AI Engineer
Explain the difference between encapsulation and polymorphism.,General ML Knowledge,AI Engineer
Explain the difference between encapsulation and pointers.,General ML Knowledge,AI Engineer
Explain the difference between encapsulation and REST API.,General ML Knowledge,AI Engineer
Explain the difference between encapsulation and SQL injection.,General ML Knowledge,AI Engineer
Explain the difference between encapsulation and multithreading.,General ML Knowledge,AI Engineer
Explain the difference between encapsulation and deadlock.,General ML Knowledge,AI Engineer
Explain the difference between encapsulation and garbage collection.,General ML Knowledge,AI Engineer
Explain the difference between encapsulation and Big O notation.,General ML Knowledge,AI Engineer
Explain the difference between encapsulation and stack.,General ML Knowledge,AI Engineer
Explain the difference between encapsulation and queue.,General ML Knowledge,AI Engineer
Explain the difference between encapsulation and dictionary.,General ML Knowledge,AI Engineer
Explain the difference between encapsulation and lambda function.,General ML Knowledge,AI Engineer
Explain the difference between encapsulation and virtual memory.,General ML Knowledge,AI Engineer
Explain the difference between encapsulation and exception handling.,General ML Knowledge,AI Engineer
Explain the difference between encapsulation and binary search.,General ML Knowledge,AI Engineer
Explain the difference between encapsulation and linked list.,General ML Knowledge,AI Engineer
Explain the difference between encapsulation and merge sort.,General ML Knowledge,AI Engineer
Explain the difference between encapsulation and interface.,General ML Knowledge,AI Engineer
Explain the difference between polymorphism and pointers.,General ML Knowledge,AI Engineer
Explain the difference between polymorphism and REST API.,General ML Knowledge,AI Engineer
Explain the difference between polymorphism and SQL injection.,General ML Knowledge,AI Engineer
Explain the difference between polymorphism and multithreading.,General ML Knowledge,AI Engineer
Explain the difference between polymorphism and deadlock.,General ML Knowledge,AI Engineer
Explain the difference between polymorphism and garbage collection.,General ML Knowledge,AI Engineer
Explain the difference between polymorphism and Big O notation.,General ML Knowledge,AI Engineer
Explain the difference between polymorphism and stack.,General ML Knowledge,AI Engineer
Explain the difference between polymorphism and queue.,General ML Knowledge,AI Engineer
Explain the difference between polymorphism and dictionary.,General ML Knowledge,AI Engineer
Explain the difference between polymorphism and lambda function.,General ML Knowledge,AI Engineer
Explain the difference between polymorphism and virtual memory.,General ML Knowledge,AI Engineer
Explain the difference between polymorphism and exception handling.,General ML Knowledge,AI Engineer
Explain the difference between polymorphism and binary search.,General ML Knowledge,AI Engineer
Explain the difference between polymorphism and linked list.,General ML Knowledge,AI Engineer
Explain the difference between polymorphism and merge sort.,General ML Knowledge,AI Engineer
Explain the difference between polymorphism and interface.,General ML Knowledge,AI Engineer
Explain the difference between pointers and REST API.,General ML Knowledge,AI Engineer
Explain the difference between pointers and SQL injection.,General ML Knowledge,AI Engineer
Explain the difference between pointers and multithreading.,General ML Knowledge,AI Engineer
Explain the difference between pointers and deadlock.,General ML Knowledge,AI Engineer
Explain the difference between pointers and garbage collection.,General ML Knowledge,AI Engineer
Explain the difference between pointers and Big O notation.,General ML Knowledge,AI Engineer
Explain the difference between pointers and stack.,General ML Knowledge,AI Engineer
Explain the difference between pointers and queue.,General ML Knowledge,AI Engineer
Explain the difference between pointers and dictionary.,General ML Knowledge,AI Engineer
Explain the difference between pointers and lambda function.,General ML Knowledge,AI Engineer
Explain the difference between pointers and virtual memory.,General ML Knowledge,AI Engineer
Explain the difference between pointers and exception handling.,General ML Knowledge,AI Engineer
Explain the difference between pointers and binary search.,General ML Knowledge,AI Engineer
Explain the difference between pointers and linked list.,General ML Knowledge,AI Engineer
Explain the difference between pointers and merge sort.,General ML Knowledge,AI Engineer
Explain the difference between pointers and interface.,General ML Knowledge,AI Engineer
Explain the difference between REST API and SQL injection.,General ML Knowledge,AI Engineer
Explain the difference between REST API and multithreading.,General ML Knowledge,AI Engineer
Explain the difference between REST API and deadlock.,General ML Knowledge,AI Engineer
Explain the difference between REST API and garbage collection.,General ML Knowledge,AI Engineer
Explain the difference between REST API and Big O notation.,General ML Knowledge,AI Engineer
Explain the difference between REST API and stack.,General ML Knowledge,AI Engineer
Explain the difference between REST API and queue.,General ML Knowledge,AI Engineer
Explain the difference between REST API and dictionary.,General ML Knowledge,AI Engineer
Explain the difference between REST API and lambda function.,General ML Knowledge,AI Engineer
Explain the difference between REST API and virtual memory.,General ML Knowledge,AI Engineer
Explain the difference between REST API and exception handling.,General ML Knowledge,AI Engineer
Explain the difference between REST API and binary search.,General ML Knowledge,AI Engineer
Explain the difference between REST API and linked list.,General ML Knowledge,AI Engineer
Explain the difference between REST API and merge sort.,General ML Knowledge,AI Engineer
Explain the difference between REST API and interface.,General ML Knowledge,AI Engineer
Explain the difference between SQL injection and multithreading.,General ML Knowledge,AI Engineer
Explain the difference between SQL injection and deadlock.,General ML Knowledge,AI Engineer
Explain the difference between SQL injection and garbage collection.,General ML Knowledge,AI Engineer
Explain the difference between SQL injection and Big O notation.,General ML Knowledge,AI Engineer
Explain the difference between SQL injection and stack.,General ML Knowledge,AI Engineer
Explain the difference between SQL injection and queue.,General ML Knowledge,AI Engineer
Explain the difference between SQL injection and dictionary.,General ML Knowledge,AI Engineer
Explain the difference between SQL injection and lambda function.,General ML Knowledge,AI Engineer
Explain the difference between SQL injection and virtual memory.,General ML Knowledge,AI Engineer
Explain the difference between SQL injection and exception handling.,General ML Knowledge,AI Engineer
Explain the difference between SQL injection and binary search.,General ML Knowledge,AI Engineer
Explain the difference between SQL injection and linked list.,General ML Knowledge,AI Engineer
Explain the difference between SQL injection and merge sort.,General ML Knowledge,AI Engineer
Explain the difference between SQL injection and interface.,General ML Knowledge,AI Engineer
Explain the difference between multithreading and deadlock.,General ML Knowledge,AI Engineer
Explain the difference between multithreading and garbage collection.,General ML Knowledge,AI Engineer
Explain the difference between multithreading and Big O notation.,General ML Knowledge,AI Engineer
Explain the difference between multithreading and stack.,General ML Knowledge,AI Engineer
Explain the difference between multithreading and queue.,General ML Knowledge,AI Engineer
Explain the difference between multithreading and dictionary.,General ML Knowledge,AI Engineer
Explain the difference between multithreading and lambda function.,General ML Knowledge,AI Engineer
Explain the difference between multithreading and virtual memory.,General ML Knowledge,AI Engineer
Explain the difference between multithreading and exception handling.,General ML Knowledge,AI Engineer
Explain the difference between multithreading and binary search.,General ML Knowledge,AI Engineer
Explain the difference between multithreading and linked list.,General ML Knowledge,AI Engineer
Explain the difference between multithreading and merge sort.,General ML Knowledge,AI Engineer
Explain the difference between multithreading and interface.,General ML Knowledge,AI Engineer
Explain the difference between deadlock and garbage collection.,General ML Knowledge,AI Engineer
Explain the difference between deadlock and Big O notation.,General ML Knowledge,AI Engineer
Explain the difference between deadlock and stack.,General ML Knowledge,AI Engineer
Explain the difference between deadlock and queue.,General ML Knowledge,AI Engineer
Explain the difference between deadlock and dictionary.,General ML Knowledge,AI Engineer
Explain the difference between deadlock and lambda function.,General ML Knowledge,AI Engineer
Explain the difference between deadlock and virtual memory.,General ML Knowledge,AI Engineer
Explain the difference between deadlock and exception handling.,General ML Knowledge,AI Engineer
Explain the difference between deadlock and binary search.,General ML Knowledge,AI Engineer
Explain the difference between deadlock and linked list.,General ML Knowledge,AI Engineer
Explain the difference between deadlock and merge sort.,General ML Knowledge,AI Engineer
Explain the difference between deadlock and interface.,General ML Knowledge,AI Engineer
Explain the difference between garbage collection and Big O notation.,General ML Knowledge,AI Engineer
Explain the difference between garbage collection and stack.,General ML Knowledge,AI Engineer
Explain the difference between garbage collection and queue.,General ML Knowledge,AI Engineer
Explain the difference between garbage collection and dictionary.,General ML Knowledge,AI Engineer
Explain the difference between garbage collection and lambda function.,General ML Knowledge,AI Engineer
Explain the difference between garbage collection and virtual memory.,General ML Knowledge,AI Engineer
Explain the difference between garbage collection and exception handling.,General ML Knowledge,AI Engineer
Explain the difference between garbage collection and binary search.,General ML Knowledge,AI Engineer
Explain the difference between garbage collection and linked list.,General ML Knowledge,AI Engineer
Explain the difference between garbage collection and merge sort.,General ML Knowledge,AI Engineer
Explain the difference between garbage collection and interface.,General ML Knowledge,AI Engineer
Explain the difference between Big O notation and stack.,General ML Knowledge,AI Engineer
Explain the difference between Big O notation and queue.,General ML Knowledge,AI Engineer
Explain the difference between Big O notation and dictionary.,General ML Knowledge,AI Engineer
Explain the difference between Big O notation and lambda function.,General ML Knowledge,AI Engineer
Explain the difference between Big O notation and virtual memory.,General ML Knowledge,AI Engineer
Explain the difference between Big O notation and exception handling.,General ML Knowledge,AI Engineer
Explain the difference between Big O notation and binary search.,General ML Knowledge,AI Engineer
Explain the difference between Big O notation and linked list.,General ML Knowledge,AI Engineer
Explain the difference between Big O notation and merge sort.,General ML Knowledge,AI Engineer
Explain the difference between Big O notation and interface.,General ML Knowledge,AI Engineer
Explain the difference between stack and queue.,General ML Knowledge,AI Engineer
Explain the difference between stack and dictionary.,General ML Knowledge,AI Engineer
Explain the difference between stack and lambda function.,General ML Knowledge,AI Engineer
Explain the difference between stack and virtual memory.,General ML Knowledge,AI Engineer
Explain the difference between stack and exception handling.,General ML Knowledge,AI Engineer
Explain the difference between stack and binary search.,General ML Knowledge,AI Engineer
Explain the difference between stack and linked list.,General ML Knowledge,AI Engineer
Explain the difference between stack and merge sort.,General ML Knowledge,AI Engineer
Explain the difference between stack and interface.,General ML Knowledge,AI Engineer
Explain the difference between queue and dictionary.,General ML Knowledge,AI Engineer
Explain the difference between queue and lambda function.,General ML Knowledge,AI Engineer
Explain the difference between queue and virtual memory.,General ML Knowledge,AI Engineer
Explain the difference between queue and exception handling.,General ML Knowledge,AI Engineer
Explain the difference between queue and binary search.,General ML Knowledge,AI Engineer
Explain the difference between queue and linked list.,General ML Knowledge,AI Engineer
Explain the difference between queue and merge sort.,General ML Knowledge,AI Engineer
Explain the difference between queue and interface.,General ML Knowledge,AI Engineer
Explain the difference between dictionary and lambda function.,General ML Knowledge,AI Engineer
Explain the difference between dictionary and virtual memory.,General ML Knowledge,AI Engineer
Explain the difference between dictionary and exception handling.,General ML Knowledge,AI Engineer
Explain the difference between dictionary and binary search.,General ML Knowledge,AI Engineer
Explain the difference between dictionary and linked list.,General ML Knowledge,AI Engineer
Explain the difference between dictionary and merge sort.,General ML Knowledge,AI Engineer
Explain the difference between dictionary and interface.,General ML Knowledge,AI Engineer
Explain the difference between lambda function and virtual memory.,General ML Knowledge,AI Engineer
Explain the difference between lambda function and exception handling.,General ML Knowledge,AI Engineer
Explain the difference between lambda function and binary search.,General ML Knowledge,AI Engineer
Explain the difference between lambda function and linked list.,General ML Knowledge,AI Engineer
Explain the difference between lambda function and merge sort.,General ML Knowledge,AI Engineer
Explain the difference between lambda function and interface.,General ML Knowledge,AI Engineer
Explain the difference between virtual memory and exception handling.,General ML Knowledge,AI Engineer
Explain the difference between virtual memory and binary search.,General ML Knowledge,AI Engineer
Explain the difference between virtual memory and linked list.,General ML Knowledge,AI Engineer
Explain the difference between virtual memory and merge sort.,General ML Knowledge,AI Engineer
Explain the difference between virtual memory and interface.,General ML Knowledge,AI Engineer
Explain the difference between exception handling and binary search.,General ML Knowledge,AI Engineer
Explain the difference between exception handling and linked list.,General ML Knowledge,AI Engineer
Explain the difference between exception handling and merge sort.,General ML Knowledge,AI Engineer
Explain the difference between exception handling and interface.,General ML Knowledge,AI Engineer
Explain the difference between binary search and linked list.,General ML Knowledge,AI Engineer
Explain the difference between binary search and merge sort.,General ML Knowledge,AI Engineer
Explain the difference between binary search and interface.,General ML Knowledge,AI Engineer
Explain the difference between linked list and merge sort.,General ML Knowledge,AI Engineer
Explain the difference between linked list and interface.,General ML Knowledge,AI Engineer
Explain the difference between merge sort and interface.,General ML Knowledge,AI Engineer
What is list and how is it used?,General ML Knowledge,AI Engineer
What is tuple and how is it used?,General ML Knowledge,AI Engineer
What is array and how is it used?,General ML Knowledge,AI Engineer
What is hashmap and how is it used?,General ML Knowledge,AI Engineer
What is recursion and how is it used?,General ML Knowledge,AI Engineer
What is inheritance and how is it used?,General ML Knowledge,AI Engineer
What is encapsulation and how is it used?,General ML Knowledge,AI Engineer
What is polymorphism and how is it used?,General ML Knowledge,AI Engineer
What is pointers and how is it used?,General ML Knowledge,AI Engineer
What is REST API and how is it used?,General ML Knowledge,AI Engineer
What is SQL injection and how is it used?,General ML Knowledge,AI Engineer
What is multithreading and how is it used?,General ML Knowledge,AI Engineer
What is deadlock and how is it used?,General ML Knowledge,AI Engineer
What is garbage collection and how is it used?,General ML Knowledge,AI Engineer
What is Big O notation and how is it used?,General ML Knowledge,AI Engineer
What is stack and how is it used?,General ML Knowledge,AI Engineer
What is queue and how is it used?,General ML Knowledge,AI Engineer
What is dictionary and how is it used?,General ML Knowledge,AI Engineer
What is lambda function and how is it used?,General ML Knowledge,AI Engineer
What is virtual memory and how is it used?,General ML Knowledge,AI Engineer
What is exception handling and how is it used?,General ML Knowledge,AI Engineer
What is binary search and how is it used?,General ML Knowledge,AI Engineer
What is linked list and how is it used?,General ML Knowledge,AI Engineer
What is merge sort and how is it used?,General ML Knowledge,AI Engineer
What is interface and how is it used?,General ML Knowledge,AI Engineer
How does list work internally?,General ML Knowledge,AI Engineer
How does tuple work internally?,General ML Knowledge,AI Engineer
How does array work internally?,General ML Knowledge,AI Engineer
How does hashmap work internally?,General ML Knowledge,AI Engineer
How does recursion work internally?,General ML Knowledge,AI Engineer
How does inheritance work internally?,General ML Knowledge,AI Engineer
How does encapsulation work internally?,General ML Knowledge,AI Engineer
How does polymorphism work internally?,General ML Knowledge,AI Engineer
How does pointers work internally?,General ML Knowledge,AI Engineer
How does REST API work internally?,General ML Knowledge,AI Engineer
How does SQL injection work internally?,General ML Knowledge,AI Engineer
How does multithreading work internally?,General ML Knowledge,AI Engineer
How does deadlock work internally?,General ML Knowledge,AI Engineer
How does garbage collection work internally?,General ML Knowledge,AI Engineer
How does Big O notation work internally?,General ML Knowledge,AI Engineer
How does stack work internally?,General ML Knowledge,AI Engineer
How does queue work internally?,General ML Knowledge,AI Engineer
How does dictionary work internally?,General ML Knowledge,AI Engineer
How does lambda function work internally?,General ML Knowledge,AI Engineer
How does virtual memory work internally?,General ML Knowledge,AI Engineer
How does exception handling work internally?,General ML Knowledge,AI Engineer
How does binary search work internally?,General ML Knowledge,AI Engineer
How does linked list work internally?,General ML Knowledge,AI Engineer
How does merge sort work internally?,General ML Knowledge,AI Engineer
How does interface work internally?,General ML Knowledge,AI Engineer
Why is list important in programming?,General ML Knowledge,AI Engineer
Why is tuple important in programming?,General ML Knowledge,AI Engineer
Why is array important in programming?,General ML Knowledge,AI Engineer
Why is hashmap important in programming?,General ML Knowledge,AI Engineer
Why is recursion important in programming?,General ML Knowledge,AI Engineer
Why is inheritance important in programming?,General ML Knowledge,AI Engineer
Why is encapsulation important in programming?,General ML Knowledge,AI Engineer
Why is polymorphism important in programming?,General ML Knowledge,AI Engineer
Why is pointers important in programming?,General ML Knowledge,AI Engineer
Why is REST API important in programming?,General ML Knowledge,AI Engineer
Why is SQL injection important in programming?,General ML Knowledge,AI Engineer
Why is multithreading important in programming?,General ML Knowledge,AI Engineer
Why is deadlock important in programming?,General ML Knowledge,AI Engineer
Why is garbage collection important in programming?,General ML Knowledge,AI Engineer
Why is Big O notation important in programming?,General ML Knowledge,AI Engineer
Why is stack important in programming?,General ML Knowledge,AI Engineer
Why is queue important in programming?,General ML Knowledge,AI Engineer
Why is dictionary important in programming?,General ML Knowledge,AI Engineer
Why is lambda function important in programming?,General ML Knowledge,AI Engineer
Why is virtual memory important in programming?,General ML Knowledge,AI Engineer
Why is exception handling important in programming?,General ML Knowledge,AI Engineer
Why is binary search important in programming?,General ML Knowledge,AI Engineer
Why is linked list important in programming?,General ML Knowledge,AI Engineer
Why is merge sort important in programming?,General ML Knowledge,AI Engineer
Why is interface important in programming?,General ML Knowledge,AI Engineer
When would you use list over tuple?,General ML Knowledge,AI Engineer
When would you use list over array?,General ML Knowledge,AI Engineer
When would you use list over hashmap?,General ML Knowledge,AI Engineer
When would you use list over recursion?,General ML Knowledge,AI Engineer
When would you use list over inheritance?,General ML Knowledge,AI Engineer
When would you use list over encapsulation?,General ML Knowledge,AI Engineer
When would you use list over polymorphism?,General ML Knowledge,AI Engineer
When would you use list over pointers?,General ML Knowledge,AI Engineer
When would you use list over REST API?,General ML Knowledge,AI Engineer
When would you use list over SQL injection?,General ML Knowledge,AI Engineer
When would you use list over multithreading?,General ML Knowledge,AI Engineer
When would you use list over deadlock?,General ML Knowledge,AI Engineer
When would you use list over garbage collection?,General ML Knowledge,AI Engineer
When would you use list over Big O notation?,General ML Knowledge,AI Engineer
When would you use list over stack?,General ML Knowledge,AI Engineer
When would you use list over queue?,General ML Knowledge,AI Engineer
When would you use list over dictionary?,General ML Knowledge,AI Engineer
When would you use list over lambda function?,General ML Knowledge,AI Engineer
When would you use list over virtual memory?,General ML Knowledge,AI Engineer
When would you use list over exception handling?,General ML Knowledge,AI Engineer
When would you use list over binary search?,General ML Knowledge,AI Engineer
When would you use list over linked list?,General ML Knowledge,AI Engineer
When would you use list over merge sort?,General ML Knowledge,AI Engineer
When would you use list over interface?,General ML Knowledge,AI Engineer
When would you use tuple over array?,General ML Knowledge,AI Engineer
When would you use tuple over hashmap?,General ML Knowledge,AI Engineer
When would you use tuple over recursion?,General ML Knowledge,AI Engineer
When would you use tuple over inheritance?,General ML Knowledge,AI Engineer
When would you use tuple over encapsulation?,General ML Knowledge,AI Engineer
When would you use tuple over polymorphism?,General ML Knowledge,AI Engineer
When would you use tuple over pointers?,General ML Knowledge,AI Engineer
When would you use tuple over REST API?,General ML Knowledge,AI Engineer
When would you use tuple over SQL injection?,General ML Knowledge,AI Engineer
When would you use tuple over multithreading?,General ML Knowledge,AI Engineer
When would you use tuple over deadlock?,General ML Knowledge,AI Engineer
When would you use tuple over garbage collection?,General ML Knowledge,AI Engineer
When would you use tuple over Big O notation?,General ML Knowledge,AI Engineer
When would you use tuple over stack?,General ML Knowledge,AI Engineer
When would you use tuple over queue?,General ML Knowledge,AI Engineer
When would you use tuple over dictionary?,General ML Knowledge,AI Engineer
When would you use tuple over lambda function?,General ML Knowledge,AI Engineer
When would you use tuple over virtual memory?,General ML Knowledge,AI Engineer
When would you use tuple over exception handling?,General ML Knowledge,AI Engineer
When would you use tuple over binary search?,General ML Knowledge,AI Engineer
When would you use tuple over linked list?,General ML Knowledge,AI Engineer
When would you use tuple over merge sort?,General ML Knowledge,AI Engineer
When would you use tuple over interface?,General ML Knowledge,AI Engineer
When would you use array over hashmap?,General ML Knowledge,AI Engineer
When would you use array over recursion?,General ML Knowledge,AI Engineer
When would you use array over inheritance?,General ML Knowledge,AI Engineer
When would you use array over encapsulation?,General ML Knowledge,AI Engineer
When would you use array over polymorphism?,General ML Knowledge,AI Engineer
When would you use array over pointers?,General ML Knowledge,AI Engineer
When would you use array over REST API?,General ML Knowledge,AI Engineer
When would you use array over SQL injection?,General ML Knowledge,AI Engineer
When would you use array over multithreading?,General ML Knowledge,AI Engineer
When would you use array over deadlock?,General ML Knowledge,AI Engineer
When would you use array over garbage collection?,General ML Knowledge,AI Engineer
When would you use array over Big O notation?,General ML Knowledge,AI Engineer
When would you use array over stack?,General ML Knowledge,AI Engineer
When would you use array over queue?,General ML Knowledge,AI Engineer
When would you use array over dictionary?,General ML Knowledge,AI Engineer
When would you use array over lambda function?,General ML Knowledge,AI Engineer
When would you use array over virtual memory?,General ML Knowledge,AI Engineer
When would you use array over exception handling?,General ML Knowledge,AI Engineer
When would you use array over binary search?,General ML Knowledge,AI Engineer
When would you use array over linked list?,General ML Knowledge,AI Engineer
When would you use array over merge sort?,General ML Knowledge,AI Engineer
When would you use array over interface?,General ML Knowledge,AI Engineer
When would you use hashmap over recursion?,General ML Knowledge,AI Engineer
When would you use hashmap over inheritance?,General ML Knowledge,AI Engineer
When would you use hashmap over encapsulation?,General ML Knowledge,AI Engineer
When would you use hashmap over polymorphism?,General ML Knowledge,AI Engineer
When would you use hashmap over pointers?,General ML Knowledge,AI Engineer
When would you use hashmap over REST API?,General ML Knowledge,AI Engineer
When would you use hashmap over SQL injection?,General ML Knowledge,AI Engineer
When would you use hashmap over multithreading?,General ML Knowledge,AI Engineer
When would you use hashmap over deadlock?,General ML Knowledge,AI Engineer
When would you use hashmap over garbage collection?,General ML Knowledge,AI Engineer
When would you use hashmap over Big O notation?,General ML Knowledge,AI Engineer
When would you use hashmap over stack?,General ML Knowledge,AI Engineer
When would you use hashmap over queue?,General ML Knowledge,AI Engineer
When would you use hashmap over dictionary?,General ML Knowledge,AI Engineer
When would you use hashmap over lambda function?,General ML Knowledge,AI Engineer
When would you use hashmap over virtual memory?,General ML Knowledge,AI Engineer
When would you use hashmap over exception handling?,General ML Knowledge,AI Engineer
When would you use hashmap over binary search?,General ML Knowledge,AI Engineer
When would you use hashmap over linked list?,General ML Knowledge,AI Engineer
When would you use hashmap over merge sort?,General ML Knowledge,AI Engineer
When would you use hashmap over interface?,General ML Knowledge,AI Engineer
When would you use recursion over inheritance?,General ML Knowledge,AI Engineer
When would you use recursion over encapsulation?,General ML Knowledge,AI Engineer
When would you use recursion over polymorphism?,General ML Knowledge,AI Engineer
When would you use recursion over pointers?,General ML Knowledge,AI Engineer
When would you use recursion over REST API?,General ML Knowledge,AI Engineer
When would you use recursion over SQL injection?,General ML Knowledge,AI Engineer
When would you use recursion over multithreading?,General ML Knowledge,AI Engineer
When would you use recursion over deadlock?,General ML Knowledge,AI Engineer
When would you use recursion over garbage collection?,General ML Knowledge,AI Engineer
When would you use recursion over Big O notation?,General ML Knowledge,AI Engineer
When would you use recursion over stack?,General ML Knowledge,AI Engineer
When would you use recursion over queue?,General ML Knowledge,AI Engineer
When would you use recursion over dictionary?,General ML Knowledge,AI Engineer
When would you use recursion over lambda function?,General ML Knowledge,AI Engineer
When would you use recursion over virtual memory?,General ML Knowledge,AI Engineer
When would you use recursion over exception handling?,General ML Knowledge,AI Engineer
When would you use recursion over binary search?,General ML Knowledge,AI Engineer
When would you use recursion over linked list?,General ML Knowledge,AI Engineer
When would you use recursion over merge sort?,General ML Knowledge,AI Engineer
When would you use recursion over interface?,General ML Knowledge,AI Engineer
When would you use inheritance over encapsulation?,General ML Knowledge,AI Engineer
When would you use inheritance over polymorphism?,General ML Knowledge,AI Engineer
When would you use inheritance over pointers?,General ML Knowledge,AI Engineer
When would you use inheritance over REST API?,General ML Knowledge,AI Engineer
When would you use inheritance over SQL injection?,General ML Knowledge,AI Engineer
When would you use inheritance over multithreading?,General ML Knowledge,AI Engineer
When would you use inheritance over deadlock?,General ML Knowledge,AI Engineer
When would you use inheritance over garbage collection?,General ML Knowledge,AI Engineer
When would you use inheritance over Big O notation?,General ML Knowledge,AI Engineer
When would you use inheritance over stack?,General ML Knowledge,AI Engineer
When would you use inheritance over queue?,General ML Knowledge,AI Engineer
When would you use inheritance over dictionary?,General ML Knowledge,AI Engineer
When would you use inheritance over lambda function?,General ML Knowledge,AI Engineer
When would you use inheritance over virtual memory?,General ML Knowledge,AI Engineer
When would you use inheritance over exception handling?,General ML Knowledge,AI Engineer
When would you use inheritance over binary search?,General ML Knowledge,AI Engineer
When would you use inheritance over linked list?,General ML Knowledge,AI Engineer
When would you use inheritance over merge sort?,General ML Knowledge,AI Engineer
When would you use inheritance over interface?,General ML Knowledge,AI Engineer
When would you use encapsulation over polymorphism?,General ML Knowledge,AI Engineer
When would you use encapsulation over pointers?,General ML Knowledge,AI Engineer
When would you use encapsulation over REST API?,General ML Knowledge,AI Engineer
When would you use encapsulation over SQL injection?,General ML Knowledge,AI Engineer
When would you use encapsulation over multithreading?,General ML Knowledge,AI Engineer
When would you use encapsulation over deadlock?,General ML Knowledge,AI Engineer
When would you use encapsulation over garbage collection?,General ML Knowledge,AI Engineer
When would you use encapsulation over Big O notation?,General ML Knowledge,AI Engineer
When would you use encapsulation over stack?,General ML Knowledge,AI Engineer
When would you use encapsulation over queue?,General ML Knowledge,AI Engineer
When would you use encapsulation over dictionary?,General ML Knowledge,AI Engineer
When would you use encapsulation over lambda function?,General ML Knowledge,AI Engineer
When would you use encapsulation over virtual memory?,General ML Knowledge,AI Engineer
When would you use encapsulation over exception handling?,General ML Knowledge,AI Engineer
When would you use encapsulation over binary search?,General ML Knowledge,AI Engineer
When would you use encapsulation over linked list?,General ML Knowledge,AI Engineer
When would you use encapsulation over merge sort?,General ML Knowledge,AI Engineer
When would you use encapsulation over interface?,General ML Knowledge,AI Engineer
When would you use polymorphism over pointers?,General ML Knowledge,AI Engineer
When would you use polymorphism over REST API?,General ML Knowledge,AI Engineer
When would you use polymorphism over SQL injection?,General ML Knowledge,AI Engineer
When would you use polymorphism over multithreading?,General ML Knowledge,AI Engineer
When would you use polymorphism over deadlock?,General ML Knowledge,AI Engineer
When would you use polymorphism over garbage collection?,General ML Knowledge,AI Engineer
When would you use polymorphism over Big O notation?,General ML Knowledge,AI Engineer
When would you use polymorphism over stack?,General ML Knowledge,AI Engineer
When would you use polymorphism over queue?,General ML Knowledge,AI Engineer
When would you use polymorphism over dictionary?,General ML Knowledge,AI Engineer
When would you use polymorphism over lambda function?,General ML Knowledge,AI Engineer
When would you use polymorphism over virtual memory?,General ML Knowledge,AI Engineer
When would you use polymorphism over exception handling?,General ML Knowledge,AI Engineer
When would you use polymorphism over binary search?,General ML Knowledge,AI Engineer
When would you use polymorphism over linked list?,General ML Knowledge,AI Engineer
When would you use polymorphism over merge sort?,General ML Knowledge,AI Engineer
When would you use polymorphism over interface?,General ML Knowledge,AI Engineer
When would you use pointers over REST API?,General ML Knowledge,AI Engineer
When would you use pointers over SQL injection?,General ML Knowledge,AI Engineer
When would you use pointers over multithreading?,General ML Knowledge,AI Engineer
When would you use pointers over deadlock?,General ML Knowledge,AI Engineer
When would you use pointers over garbage collection?,General ML Knowledge,AI Engineer
When would you use pointers over Big O notation?,General ML Knowledge,AI Engineer
When would you use pointers over stack?,General ML Knowledge,AI Engineer
When would you use pointers over queue?,General ML Knowledge,AI Engineer
When would you use pointers over dictionary?,General ML Knowledge,AI Engineer
When would you use pointers over lambda function?,General ML Knowledge,AI Engineer
When would you use pointers over virtual memory?,General ML Knowledge,AI Engineer
When would you use pointers over exception handling?,General ML Knowledge,AI Engineer
When would you use pointers over binary search?,General ML Knowledge,AI Engineer
When would you use pointers over linked list?,General ML Knowledge,AI Engineer
When would you use pointers over merge sort?,General ML Knowledge,AI Engineer
When would you use pointers over interface?,General ML Knowledge,AI Engineer
When would you use REST API over SQL injection?,General ML Knowledge,AI Engineer
When would you use REST API over multithreading?,General ML Knowledge,AI Engineer
When would you use REST API over deadlock?,General ML Knowledge,AI Engineer
When would you use REST API over garbage collection?,General ML Knowledge,AI Engineer
When would you use REST API over Big O notation?,General ML Knowledge,AI Engineer
When would you use REST API over stack?,General ML Knowledge,AI Engineer
When would you use REST API over queue?,General ML Knowledge,AI Engineer
When would you use REST API over dictionary?,General ML Knowledge,AI Engineer
When would you use REST API over lambda function?,General ML Knowledge,AI Engineer
When would you use REST API over virtual memory?,General ML Knowledge,AI Engineer
When would you use REST API over exception handling?,General ML Knowledge,AI Engineer
When would you use REST API over binary search?,General ML Knowledge,AI Engineer
When would you use REST API over linked list?,General ML Knowledge,AI Engineer
When would you use REST API over merge sort?,General ML Knowledge,AI Engineer
When would you use REST API over interface?,General ML Knowledge,AI Engineer
When would you use SQL injection over multithreading?,General ML Knowledge,AI Engineer
When would you use SQL injection over deadlock?,General ML Knowledge,AI Engineer
When would you use SQL injection over garbage collection?,General ML Knowledge,AI Engineer
When would you use SQL injection over Big O notation?,General ML Knowledge,AI Engineer
When would you use SQL injection over stack?,General ML Knowledge,AI Engineer
When would you use SQL injection over queue?,General ML Knowledge,AI Engineer
When would you use SQL injection over dictionary?,General ML Knowledge,AI Engineer
When would you use SQL injection over lambda function?,General ML Knowledge,AI Engineer
When would you use SQL injection over virtual memory?,General ML Knowledge,AI Engineer
When would you use SQL injection over exception handling?,General ML Knowledge,AI Engineer
When would you use SQL injection over binary search?,General ML Knowledge,AI Engineer
When would you use SQL injection over linked list?,General ML Knowledge,AI Engineer
When would you use SQL injection over merge sort?,General ML Knowledge,AI Engineer
When would you use SQL injection over interface?,General ML Knowledge,AI Engineer
When would you use multithreading over deadlock?,General ML Knowledge,AI Engineer
When would you use multithreading over garbage collection?,General ML Knowledge,AI Engineer
When would you use multithreading over Big O notation?,General ML Knowledge,AI Engineer
When would you use multithreading over stack?,General ML Knowledge,AI Engineer
When would you use multithreading over queue?,General ML Knowledge,AI Engineer
When would you use multithreading over dictionary?,General ML Knowledge,AI Engineer
When would you use multithreading over lambda function?,General ML Knowledge,AI Engineer
When would you use multithreading over virtual memory?,General ML Knowledge,AI Engineer
When would you use multithreading over exception handling?,General ML Knowledge,AI Engineer
When would you use multithreading over binary search?,General ML Knowledge,AI Engineer
When would you use multithreading over linked list?,General ML Knowledge,AI Engineer
When would you use multithreading over merge sort?,General ML Knowledge,AI Engineer
When would you use multithreading over interface?,General ML Knowledge,AI Engineer
When would you use deadlock over garbage collection?,General ML Knowledge,AI Engineer
When would you use deadlock over Big O notation?,General ML Knowledge,AI Engineer
When would you use deadlock over stack?,General ML Knowledge,AI Engineer
Describe a time you had to resolve a conflict.,General ML Knowledge,AI Engineer
Describe a time you had to lead a team.,General ML Knowledge,AI Engineer
Describe a time you had to meet a deadline.,General ML Knowledge,AI Engineer
Describe a time you had to handle criticism.,General ML Knowledge,AI Engineer
Describe a time you had to adapt to change.,General ML Knowledge,AI Engineer
Describe a time you had to make a tough decision.,General ML Knowledge,AI Engineer
Describe a time you had to work under pressure.,General ML Knowledge,AI Engineer
Describe a time you had to manage multiple tasks.,General ML Knowledge,AI Engineer
Describe a time you had to fail at something.,General ML Knowledge,AI Engineer
Describe a time you had to learn a new skill quickly.,General ML Knowledge,AI Engineer
How do you typically handle situations where you need to resolve a conflict?,General ML Knowledge,AI Engineer
How do you typically handle situations where you need to lead a team?,General ML Knowledge,AI Engineer
How do you typically handle situations where you need to meet a deadline?,General ML Knowledge,AI Engineer
How do you typically handle situations where you need to handle criticism?,General ML Knowledge,AI Engineer
How do you typically handle situations where you need to adapt to change?,General ML Knowledge,AI Engineer
How do you typically handle situations where you need to make a tough decision?,General ML Knowledge,AI Engineer
How do you typically handle situations where you need to work under pressure?,General ML Knowledge,AI Engineer
How do you typically handle situations where you need to manage multiple tasks?,General ML Knowledge,AI Engineer
How do you typically handle situations where you need to fail at something?,General ML Knowledge,AI Engineer
How do you typically handle situations where you need to learn a new skill quickly?,General ML Knowledge,AI Engineer
Give an example of a situation where you resolve a conflict.,General ML Knowledge,AI Engineer
Give an example of a situation where you lead a team.,General ML Knowledge,AI Engineer
Give an example of a situation where you meet a deadline.,General ML Knowledge,AI Engineer
Give an example of a situation where you handle criticism.,General ML Knowledge,AI Engineer
Give an example of a situation where you adapt to change.,General ML Knowledge,AI Engineer
Give an example of a situation where you make a tough decision.,General ML Knowledge,AI Engineer
Give an example of a situation where you work under pressure.,General ML Knowledge,AI Engineer
Give an example of a situation where you manage multiple tasks.,General ML Knowledge,AI Engineer
Give an example of a situation where you fail at something.,General ML Knowledge,AI Engineer
Give an example of a situation where you learn a new skill quickly.,General ML Knowledge,AI Engineer
What steps do you take to resolve a conflict?,General ML Knowledge,AI Engineer
What steps do you take to lead a team?,General ML Knowledge,AI Engineer
What steps do you take to meet a deadline?,General ML Knowledge,AI Engineer
What steps do you take to handle criticism?,General ML Knowledge,AI Engineer
What steps do you take to adapt to change?,General ML Knowledge,AI Engineer
What steps do you take to make a tough decision?,General ML Knowledge,AI Engineer
What steps do you take to work under pressure?,General ML Knowledge,AI Engineer
What steps do you take to manage multiple tasks?,General ML Knowledge,AI Engineer
What steps do you take to fail at something?,General ML Knowledge,AI Engineer
What steps do you take to learn a new skill quickly?,General ML Knowledge,AI Engineer
Tell me about a time when you failed to resolve a conflict.,General ML Knowledge,AI Engineer
Tell me about a time when you failed to lead a team.,General ML Knowledge,AI Engineer
Tell me about a time when you failed to meet a deadline.,General ML Knowledge,AI Engineer
Tell me about a time when you failed to handle criticism.,General ML Knowledge,AI Engineer
Tell me about a time when you failed to adapt to change.,General ML Knowledge,AI Engineer
Tell me about a time when you failed to make a tough decision.,General ML Knowledge,AI Engineer
Tell me about a time when you failed to work under pressure.,General ML Knowledge,AI Engineer
Tell me about a time when you failed to manage multiple tasks.,General ML Knowledge,AI Engineer
Tell me about a time when you failed to fail at something.,General ML Knowledge,AI Engineer
Tell me about a time when you failed to learn a new skill quickly.,General ML Knowledge,AI Engineer
How do you prioritize tasks when you need to resolve a conflict?,General ML Knowledge,AI Engineer
How do you prioritize tasks when you need to lead a team?,General ML Knowledge,AI Engineer
How do you prioritize tasks when you need to meet a deadline?,General ML Knowledge,AI Engineer
How do you prioritize tasks when you need to handle criticism?,General ML Knowledge,AI Engineer
How do you prioritize tasks when you need to adapt to change?,General ML Knowledge,AI Engineer
How do you prioritize tasks when you need to make a tough decision?,General ML Knowledge,AI Engineer
How do you prioritize tasks when you need to work under pressure?,General ML Knowledge,AI Engineer
How do you prioritize tasks when you need to manage multiple tasks?,General ML Knowledge,AI Engineer
How do you prioritize tasks when you need to fail at something?,General ML Knowledge,AI Engineer
How do you prioritize tasks when you need to learn a new skill quickly?,General ML Knowledge,AI Engineer
